<?xml version="1.0" encoding="UTF-8"?>
<project-private xmlns="http://www.netbeans.org/ns/project-private/1">
    <editor-bookmarks xmlns="http://www.netbeans.org/ns/editor-bookmarks/2" lastBookmarkId="0"/>
    <open-files xmlns="http://www.netbeans.org/ns/projectui-open-files/2">
        <group>
            <file>file:/C:/Users/oalme/OneDrive/Documentos/PREPA/Programación%203A/ProyectoRH/src/proyectorh/AutorizarRequisicion.java</file>
            <file>file:/C:/Users/oalme/OneDrive/Documentos/PREPA/Programación%203A/ProyectoRH/src/proyectorh/Carrera.java</file>
            <file>file:/C:/Users/oalme/OneDrive/Documentos/PREPA/Programación%203A/ProyectoRH/src/proyectorh/Vacantes.java</file>
            <file>file:/C:/Users/oalme/OneDrive/Documentos/PREPA/Programación%203A/ProyectoRH/src/proyectorh/Requisicion.java</file>
            <file>file:/C:/Users/oalme/OneDrive/Documentos/PREPA/Programación%203A/ProyectoRH/src/proyectorh/Area.java</file>
            <file>file:/C:/Users/oalme/OneDrive/Documentos/PREPA/Programación%203A/ProyectoRH/src/proyectorh/Menu.java</file>
            <file>file:/C:/Users/oalme/OneDrive/Documentos/PREPA/Programación%203A/ProyectoRH/src/proyectorh/Idioma.java</file>
            <file>file:/C:/Users/oalme/OneDrive/Documentos/PREPA/Programación%203A/ProyectoRH/src/proyectorh/GradoAvance.java</file>
            <file>file:/C:/Users/oalme/OneDrive/Documentos/PREPA/Programación%203A/ProyectoRH/src/proyectorh/EstadoCivil.java</file>
            <file>file:/C:/Users/oalme/OneDrive/Documentos/PREPA/Programación%203A/ProyectoRH/src/proyectorh/Puesto.java</file>
            <file>file:/C:/Users/oalme/OneDrive/Documentos/PREPA/Programación%203A/ProyectoRH/src/proyectorh/Escolaridad.java</file>
            <file>file:/C:/Users/oalme/OneDrive/Documentos/PREPA/Programación%203A/ProyectoRH/src/proyectorh/MySQL.java</file>
        </group>
    </open-files>
</project-private>
